INSERT INTO role(id, name) VALUES (1, 'ROLE_ADMIN');
INSERT INTO role(id, name) VALUES (2, 'ROLE_EMPLOYEE');
INSERT INTO role(id, name) VALUES (3, 'ROLE_CLIENT');
INSERT INTO user (id, username, password, enabled) VALUES (1, 'test', '$2a$12$yglrSabJuXl072PDpLCDXeieEnGrvc25d.48g6Focb7Z7/CLWFpP2', true);
INSERT INTO user_role (user_id, role_id) VALUES (1, 2);

INSERT INTO servicebox.address (id, city, flat_number, house_number, street, zip_code) VALUES (368, 'Gdańśk', '90', '64', 'ul. Sosnowa', '21-270');
INSERT INTO servicebox.address (id, city, flat_number, house_number, street, zip_code) VALUES (369, 'Gdańśk', '29', '42', 'ul. Sosnowa', '90-577');
INSERT INTO servicebox.address (id, city, flat_number, house_number, street, zip_code) VALUES (370, 'Łódź', '21', '12', 'ul. Polna', '49-456');
INSERT INTO servicebox.address (id, city, flat_number, house_number, street, zip_code) VALUES (371, 'Gdańśk', '45', '59', 'ul. Sosnowa', '15-406');
INSERT INTO servicebox.address (id, city, flat_number, house_number, street, zip_code) VALUES (372, 'Otwock', '10', '3', 'ul. Akacjowa', '17-240');
INSERT INTO servicebox.address (id, city, flat_number, house_number, street, zip_code) VALUES (373, 'Wrocław', '33', '18', 'ul. Zielona', '11-173');
INSERT INTO servicebox.address (id, city, flat_number, house_number, street, zip_code) VALUES (374, 'Gdańśk', '64', '63', 'ul. Sosnowa', '48-406');
INSERT INTO servicebox.address (id, city, flat_number, house_number, street, zip_code) VALUES (375, 'Kalisz', '38', '21', 'ul. Kwiatowa', '21-914');
INSERT INTO servicebox.address (id, city, flat_number, house_number, street, zip_code) VALUES (376, 'Kalisz', '90', '60', 'ul. Łąkowa', '72-734');
INSERT INTO servicebox.address (id, city, flat_number, house_number, street, zip_code) VALUES (377, 'Otwock', '84', '6', 'ul. Akacjowa', '72-642');
INSERT INTO servicebox.address (id, city, flat_number, house_number, street, zip_code) VALUES (378, 'Poznań', '14', '23', 'ul. Polna', '30-340');
INSERT INTO servicebox.address (id, city, flat_number, house_number, street, zip_code) VALUES (379, 'Wrocław', '17', '11', 'ul. Lipowa', '53-639');
INSERT INTO servicebox.address (id, city, flat_number, house_number, street, zip_code) VALUES (380, 'Warszawa', '48', '14', 'ul. Słoneczna', '19-981');
INSERT INTO servicebox.address (id, city, flat_number, house_number, street, zip_code) VALUES (381, 'Gdynia', '95', '51', 'ul. Krótka', '69-270');
INSERT INTO servicebox.address (id, city, flat_number, house_number, street, zip_code) VALUES (382, 'Poznań', '18', '45', 'ul. Polna', '50-251');
INSERT INTO servicebox.address (id, city, flat_number, house_number, street, zip_code) VALUES (383, 'Otwock', '48', '78', 'ul. Kościelna', '52-636');
INSERT INTO servicebox.address (id, city, flat_number, house_number, street, zip_code) VALUES (384, 'Warszawa', '23', '57', 'ul. Krótka', '59-768');
INSERT INTO servicebox.address (id, city, flat_number, house_number, street, zip_code) VALUES (385, 'Otwock', '63', '75', 'ul. Kolejowa', '62-756');
INSERT INTO servicebox.address (id, city, flat_number, house_number, street, zip_code) VALUES (386, 'Gdańśk', '78', '25', 'ul. Ogrodowa', '81-243');
INSERT INTO servicebox.address (id, city, flat_number, house_number, street, zip_code) VALUES (387, 'Gdańśk', '36', '86', 'ul. Ogrodowa', '92-370');
INSERT INTO servicebox.address (id, city, flat_number, house_number, street, zip_code) VALUES (388, 'Poznań', '59', '47', 'ul. Kościelna', '37-448');
INSERT INTO servicebox.address (id, city, flat_number, house_number, street, zip_code) VALUES (389, 'Łódź', '65', '34', 'ul. Brzozowa', '74-526');
INSERT INTO servicebox.address (id, city, flat_number, house_number, street, zip_code) VALUES (390, 'Kalisz', '46', '52', 'ul. Szkolna', '87-207');
INSERT INTO servicebox.address (id, city, flat_number, house_number, street, zip_code) VALUES (391, 'Wrocław', '98', '48', 'ul. Lipowa', '34-660');
INSERT INTO servicebox.address (id, city, flat_number, house_number, street, zip_code) VALUES (392, 'Otwock', '82', '73', 'ul. Słoneczna', '89-232');
INSERT INTO servicebox.address (id, city, flat_number, house_number, street, zip_code) VALUES (393, 'Otwock', '32', '71', 'ul. Kwiatowa', '64-664');
INSERT INTO servicebox.address (id, city, flat_number, house_number, street, zip_code) VALUES (394, 'Warszawa', '1', '70', 'ul. Kolejowa', '78-399');
INSERT INTO servicebox.address (id, city, flat_number, house_number, street, zip_code) VALUES (395, 'Kalisz', '53', '99', 'ul. Polna', '44-190');
INSERT INTO servicebox.address (id, city, flat_number, house_number, street, zip_code) VALUES (396, 'Warszawa', '91', '1', 'ul. Krótka', '50-405');
INSERT INTO servicebox.address (id, city, flat_number, house_number, street, zip_code) VALUES (397, 'Wrocław', '35', '77', 'ul. Akacjowa', '19-191');
INSERT INTO servicebox.address (id, city, flat_number, house_number, street, zip_code) VALUES (398, 'Kalisz', '26', '35', 'ul. Polna', '23-320');
INSERT INTO servicebox.address (id, city, flat_number, house_number, street, zip_code) VALUES (399, 'Otwock', '89', '47', 'ul. Kościelna', '91-897');
INSERT INTO servicebox.address (id, city, flat_number, house_number, street, zip_code) VALUES (400, 'Wrocław', '29', '34', 'ul. Parkowa', '86-462');
INSERT INTO servicebox.address (id, city, flat_number, house_number, street, zip_code) VALUES (401, 'Gdańśk', '60', '42', 'ul. Kwiatowa', '93-238');
INSERT INTO servicebox.address (id, city, flat_number, house_number, street, zip_code) VALUES (402, 'Warszawa', '94', '62', 'ul. Leśna', '52-934');
INSERT INTO servicebox.address (id, city, flat_number, house_number, street, zip_code) VALUES (403, 'Gdańśk', '63', '33', 'ul. Leśna', '48-289');
INSERT INTO servicebox.address (id, city, flat_number, house_number, street, zip_code) VALUES (404, 'Gdynia', '67', '69', 'ul. Kolejowa', '60-224');
INSERT INTO servicebox.address (id, city, flat_number, house_number, street, zip_code) VALUES (405, 'Wrocław', '92', '18', 'ul. Kolejowa', '36-974');
INSERT INTO servicebox.address (id, city, flat_number, house_number, street, zip_code) VALUES (406, 'Warszawa', '51', '97', 'ul. Łąkowa', '47-156');
INSERT INTO servicebox.address (id, city, flat_number, house_number, street, zip_code) VALUES (407, 'Warszawa', '63', '78', 'ul. Szkolna', '32-381');
INSERT INTO servicebox.address (id, city, flat_number, house_number, street, zip_code) VALUES (408, 'Warszawa', '91', '58', 'ul. Lipowa', '55-722');
INSERT INTO servicebox.address (id, city, flat_number, house_number, street, zip_code) VALUES (409, 'Sopot', '5', '64', 'ul. Zielona', '33-586');
INSERT INTO servicebox.address (id, city, flat_number, house_number, street, zip_code) VALUES (410, 'Warszawa', '90', '54', 'ul. Szkolna', '71-214');
INSERT INTO servicebox.address (id, city, flat_number, house_number, street, zip_code) VALUES (411, 'Gdynia', '7', '49', 'ul. Kwiatowa', '27-657');
INSERT INTO servicebox.address (id, city, flat_number, house_number, street, zip_code) VALUES (412, 'Otwock', '77', '52', 'ul. Kościelna', '72-120');
INSERT INTO servicebox.address (id, city, flat_number, house_number, street, zip_code) VALUES (413, 'Łódź', '22', '17', 'ul. Polna', '49-895');
INSERT INTO servicebox.address (id, city, flat_number, house_number, street, zip_code) VALUES (414, 'Gdańśk', '37', '91', 'ul. Kwiatowa', '53-541');
INSERT INTO servicebox.address (id, city, flat_number, house_number, street, zip_code) VALUES (415, 'Sopot', '8', '11', 'ul. Zielona', '54-863');
INSERT INTO servicebox.address (id, city, flat_number, house_number, street, zip_code) VALUES (416, 'Łódź', '74', '69', 'ul. Krótka', '47-800');
INSERT INTO servicebox.address (id, city, flat_number, house_number, street, zip_code) VALUES (417, 'Sopot', '23', '35', 'ul. Krótka', '47-348');
INSERT INTO servicebox.address (id, city, flat_number, house_number, street, zip_code) VALUES (418, 'Wrocław', '35', '51', 'ul. Słoneczna', '52-892');
INSERT INTO servicebox.address (id, city, flat_number, house_number, street, zip_code) VALUES (419, 'Sopot', '68', '83', 'ul. Akacjowa', '97-572');
INSERT INTO servicebox.address (id, city, flat_number, house_number, street, zip_code) VALUES (420, 'Łódź', '82', '46', 'ul. Lipowa', '59-671');
INSERT INTO servicebox.address (id, city, flat_number, house_number, street, zip_code) VALUES (421, 'Gdynia', '1', '59', 'ul. Polna', '82-430');
INSERT INTO servicebox.address (id, city, flat_number, house_number, street, zip_code) VALUES (422, 'Kalisz', '19', '24', 'ul. Kolejowa', '11-972');
INSERT INTO servicebox.address (id, city, flat_number, house_number, street, zip_code) VALUES (423, 'Gdynia', '55', '97', 'ul. Kościelna', '23-618');
INSERT INTO servicebox.address (id, city, flat_number, house_number, street, zip_code) VALUES (424, 'Sopot', '43', '91', 'ul. Brzozowa', '58-316');
INSERT INTO servicebox.address (id, city, flat_number, house_number, street, zip_code) VALUES (425, 'Otwock', '60', '74', 'ul. Parkowa', '65-300');
INSERT INTO servicebox.address (id, city, flat_number, house_number, street, zip_code) VALUES (426, 'Gdynia', '98', '6', 'ul. Kwiatowa', '79-213');
INSERT INTO servicebox.address (id, city, flat_number, house_number, street, zip_code) VALUES (427, 'Otwock', '79', '49', 'ul. Parkowa', '10-965');
INSERT INTO servicebox.address (id, city, flat_number, house_number, street, zip_code) VALUES (428, 'Gdynia', '14', '47', 'ul. Zielona', '45-700');
INSERT INTO servicebox.address (id, city, flat_number, house_number, street, zip_code) VALUES (429, 'Sopot', '98', '59', 'ul. Ogrodowa', '41-763');
INSERT INTO servicebox.address (id, city, flat_number, house_number, street, zip_code) VALUES (430, 'Łódź', '46', '45', 'ul. Kolejowa', '99-254');
INSERT INTO servicebox.address (id, city, flat_number, house_number, street, zip_code) VALUES (431, 'Sopot', '80', '62', 'ul. Leśna', '17-540');
INSERT INTO servicebox.address (id, city, flat_number, house_number, street, zip_code) VALUES (432, 'Poznań', '45', '43', 'ul. Łąkowa', '88-313');
INSERT INTO servicebox.address (id, city, flat_number, house_number, street, zip_code) VALUES (433, 'Gdańśk', '66', '38', 'ul. Parkowa', '53-499');
INSERT INTO servicebox.address (id, city, flat_number, house_number, street, zip_code) VALUES (434, 'Warszawa', '71', '18', 'ul. Sosnowa', '44-811');
INSERT INTO servicebox.address (id, city, flat_number, house_number, street, zip_code) VALUES (435, 'Gdynia', '11', '32', 'ul. Lipowa', '84-355');
INSERT INTO servicebox.address (id, city, flat_number, house_number, street, zip_code) VALUES (436, 'Poznań', '71', '53', 'ul. Zielona', '81-983');
INSERT INTO servicebox.address (id, city, flat_number, house_number, street, zip_code) VALUES (437, 'Wrocław', '80', '50', 'ul. Leśna', '22-186');
INSERT INTO servicebox.address (id, city, flat_number, house_number, street, zip_code) VALUES (438, 'Kalisz', '98', '62', 'ul. Sosnowa', '84-461');
INSERT INTO servicebox.address (id, city, flat_number, house_number, street, zip_code) VALUES (439, 'Warszawa', '8', '1', 'ul. Ogrodowa', '24-691');
INSERT INTO servicebox.address (id, city, flat_number, house_number, street, zip_code) VALUES (440, 'Wrocław', '84', '51', 'ul. Krótka', '83-561');
INSERT INTO servicebox.address (id, city, flat_number, house_number, street, zip_code) VALUES (441, 'Kalisz', '78', '94', 'ul. Łąkowa', '89-383');
INSERT INTO servicebox.address (id, city, flat_number, house_number, street, zip_code) VALUES (442, 'Gdańśk', '60', '47', 'ul. Zielona', '31-660');
INSERT INTO servicebox.address (id, city, flat_number, house_number, street, zip_code) VALUES (443, 'Wrocław', '83', '94', 'ul. Polna', '64-616');
INSERT INTO servicebox.address (id, city, flat_number, house_number, street, zip_code) VALUES (444, 'Wrocław', '23', '64', 'ul. Polna', '86-596');
INSERT INTO servicebox.address (id, city, flat_number, house_number, street, zip_code) VALUES (445, 'Wrocław', '14', '95', 'ul. Akacjowa', '93-452');
INSERT INTO servicebox.address (id, city, flat_number, house_number, street, zip_code) VALUES (446, 'Sopot', '66', '27', 'ul. Kolejowa', '28-279');
INSERT INTO servicebox.address (id, city, flat_number, house_number, street, zip_code) VALUES (447, 'Otwock', '4', '89', 'ul. Krótka', '91-413');
INSERT INTO servicebox.address (id, city, flat_number, house_number, street, zip_code) VALUES (448, 'Warszawa', '43', '36', 'ul. Akacjowa', '84-711');
INSERT INTO servicebox.address (id, city, flat_number, house_number, street, zip_code) VALUES (449, 'Łódź', '30', '48', 'ul. Polna', '31-629');
INSERT INTO servicebox.address (id, city, flat_number, house_number, street, zip_code) VALUES (450, 'Sopot', '95', '93', 'ul. Ogrodowa', '89-422');
INSERT INTO servicebox.address (id, city, flat_number, house_number, street, zip_code) VALUES (451, 'Sopot', '64', '71', 'ul. Lipowa', '99-411');
INSERT INTO servicebox.address (id, city, flat_number, house_number, street, zip_code) VALUES (452, 'Warszawa', '11', '75', 'ul. Lipowa', '64-723');
INSERT INTO servicebox.address (id, city, flat_number, house_number, street, zip_code) VALUES (453, 'Otwock', '51', '83', 'ul. Polna', '24-367');
INSERT INTO servicebox.address (id, city, flat_number, house_number, street, zip_code) VALUES (454, 'Wrocław', '64', '43', 'ul. Krótka', '20-710');
INSERT INTO servicebox.address (id, city, flat_number, house_number, street, zip_code) VALUES (455, 'Gdynia', '76', '79', 'ul. Kwiatowa', '75-709');
INSERT INTO servicebox.address (id, city, flat_number, house_number, street, zip_code) VALUES (456, 'Otwock', '73', '20', 'ul. Kwiatowa', '60-835');
INSERT INTO servicebox.address (id, city, flat_number, house_number, street, zip_code) VALUES (457, 'Kalisz', '51', '21', 'ul. Parkowa', '81-293');
INSERT INTO servicebox.address (id, city, flat_number, house_number, street, zip_code) VALUES (458, 'Warszawa', '23', '16', 'ul. Leśna', '58-650');
INSERT INTO servicebox.address (id, city, flat_number, house_number, street, zip_code) VALUES (459, 'Kalisz', '55', '77', 'ul. Kwiatowa', '67-751');
INSERT INTO servicebox.address (id, city, flat_number, house_number, street, zip_code) VALUES (460, 'Sopot', '43', '87', 'ul. Lipowa', '64-796');
INSERT INTO servicebox.address (id, city, flat_number, house_number, street, zip_code) VALUES (461, 'Gdynia', '42', '24', 'ul. Krótka', '30-400');
INSERT INTO servicebox.address (id, city, flat_number, house_number, street, zip_code) VALUES (462, 'Gdynia', '25', '65', 'ul. Sosnowa', '48-267');
INSERT INTO servicebox.address (id, city, flat_number, house_number, street, zip_code) VALUES (463, 'Kalisz', '83', '93', 'ul. Polna', '66-906');
INSERT INTO servicebox.address (id, city, flat_number, house_number, street, zip_code) VALUES (464, 'Kalisz', '87', '28', 'ul. Ogrodowa', '57-837');
INSERT INTO servicebox.address (id, city, flat_number, house_number, street, zip_code) VALUES (465, 'Gdańśk', '61', '61', 'ul. Łąkowa', '79-515');
INSERT INTO servicebox.address (id, city, flat_number, house_number, street, zip_code) VALUES (466, 'Otwock', '14', '13', 'ul. Polna', '77-885');
INSERT INTO servicebox.address (id, city, flat_number, house_number, street, zip_code) VALUES (467, 'Otwock', '13', '97', 'ul. Leśna', '22-342');

INSERT INTO servicebox.client (id, allow_notifications, email, name, nip, phone, address_id, user_id) VALUES (364, 1, 'jan0@gmail.com', 'Jakub Żyła', '6104608612', '523415240', 368, null);
INSERT INTO servicebox.client (id, allow_notifications, email, name, nip, phone, address_id, user_id) VALUES (365, 1, 'daniel1@gmail.com', 'Adam Ptak', '3960743066', '507929245', 369, null);
INSERT INTO servicebox.client (id, allow_notifications, email, name, nip, phone, address_id, user_id) VALUES (366, 1, 'edmund2@gmail.com', 'Prokul Ptak', '0824506390', '572539366', 370, null);
INSERT INTO servicebox.client (id, allow_notifications, email, name, nip, phone, address_id, user_id) VALUES (367, 1, 'natanael3@gmail.com', 'Prokul Pilch', '9660437681', '544728067', 371, null);
INSERT INTO servicebox.client (id, allow_notifications, email, name, nip, phone, address_id, user_id) VALUES (368, 1, 'jan4@gmail.com', 'Klarencjusz Leśniewski', '9060721976', '561586256', 372, null);
INSERT INTO servicebox.client (id, allow_notifications, email, name, nip, phone, address_id, user_id) VALUES (369, 1, 'bertram5@gmail.com', 'Witalis Mikulski', '2095554963', '509780881', 373, null);
INSERT INTO servicebox.client (id, allow_notifications, email, name, nip, phone, address_id, user_id) VALUES (370, 1, 'mikołaj6@gmail.com', 'Prokul Murawski', '9637103042', '591612872', 374, null);
INSERT INTO servicebox.client (id, allow_notifications, email, name, nip, phone, address_id, user_id) VALUES (371, 1, 'mikołaj7@gmail.com', 'Bertram Zalewski', '0265427513', '581390115', 375, null);
INSERT INTO servicebox.client (id, allow_notifications, email, name, nip, phone, address_id, user_id) VALUES (372, 1, 'adam8@gmail.com', 'Izaak Murawski', '2089660431', '509276084', 376, null);
INSERT INTO servicebox.client (id, allow_notifications, email, name, nip, phone, address_id, user_id) VALUES (373, 1, 'natanael9@gmail.com', 'Natanael Frąckowiak', '4688089849', '561961944', 377, null);
INSERT INTO servicebox.client (id, allow_notifications, email, name, nip, phone, address_id, user_id) VALUES (374, 1, 'bazyli10@gmail.com', 'Ambroży Dobrzyński', '6726129921', '533648314', 378, null);
INSERT INTO servicebox.client (id, allow_notifications, email, name, nip, phone, address_id, user_id) VALUES (375, 1, 'mikołaj11@gmail.com', 'Witalis Łapiński', '4761423605', '561833416', 379, null);
INSERT INTO servicebox.client (id, allow_notifications, email, name, nip, phone, address_id, user_id) VALUES (376, 1, 'edmund12@gmail.com', 'Ambroży Kozieł', '3837481244', '523284961', 380, null);
INSERT INTO servicebox.client (id, allow_notifications, email, name, nip, phone, address_id, user_id) VALUES (377, 1, 'adam13@gmail.com', 'Henryk Dobrzyński', '4331382600', '516867259', 381, null);
INSERT INTO servicebox.client (id, allow_notifications, email, name, nip, phone, address_id, user_id) VALUES (378, 1, 'daniel14@gmail.com', 'Adam Bąkowski', '5220273947', '548626175', 382, null);
INSERT INTO servicebox.client (id, allow_notifications, email, name, nip, phone, address_id, user_id) VALUES (379, 1, 'adam15@gmail.com', 'Klarencjusz Duda', '5374026028', '593770722', 383, null);
INSERT INTO servicebox.client (id, allow_notifications, email, name, nip, phone, address_id, user_id) VALUES (380, 1, 'natanael16@gmail.com', 'Izaak Duda', '5089812660', '506480400', 384, null);
INSERT INTO servicebox.client (id, allow_notifications, email, name, nip, phone, address_id, user_id) VALUES (381, 1, 'bertram17@gmail.com', 'Robert Bąkowski', '5776544241', '525142798', 385, null);
INSERT INTO servicebox.client (id, allow_notifications, email, name, nip, phone, address_id, user_id) VALUES (382, 1, 'roman18@gmail.com', 'Mikołaj Pilch', '0616324395', '511435257', 386, null);
INSERT INTO servicebox.client (id, allow_notifications, email, name, nip, phone, address_id, user_id) VALUES (383, 1, 'prokul19@gmail.com', 'Izaak Gwóźdź', '0709149929', '596115000', 387, null);
INSERT INTO servicebox.client (id, allow_notifications, email, name, nip, phone, address_id, user_id) VALUES (384, 1, 'mikołaj20@gmail.com', 'Henryk Grabowski', '4143950985', '578759096', 388, null);
INSERT INTO servicebox.client (id, allow_notifications, email, name, nip, phone, address_id, user_id) VALUES (385, 1, 'izaak21@gmail.com', 'Edmund Bąkowski', '3356313174', '541571431', 389, null);
INSERT INTO servicebox.client (id, allow_notifications, email, name, nip, phone, address_id, user_id) VALUES (386, 1, 'mikołaj22@gmail.com', 'Witalis Suski', '2801161243', '552508783', 390, null);
INSERT INTO servicebox.client (id, allow_notifications, email, name, nip, phone, address_id, user_id) VALUES (387, 1, 'ludwik23@gmail.com', 'Edmund Żyła', '3714339433', '591904645', 391, null);
INSERT INTO servicebox.client (id, allow_notifications, email, name, nip, phone, address_id, user_id) VALUES (388, 1, 'edmund24@gmail.com', 'Prokul Łapiński', '9765655883', '559291486', 392, null);
INSERT INTO servicebox.client (id, allow_notifications, email, name, nip, phone, address_id, user_id) VALUES (389, 1, 'edmund25@gmail.com', 'Adam Gwóźdź', '4485802434', '540405235', 393, null);
INSERT INTO servicebox.client (id, allow_notifications, email, name, nip, phone, address_id, user_id) VALUES (390, 1, 'mikołaj26@gmail.com', 'Klarencjusz Suski', '0654415049', '578184641', 394, null);
INSERT INTO servicebox.client (id, allow_notifications, email, name, nip, phone, address_id, user_id) VALUES (391, 1, 'ambroży27@gmail.com', 'Roman Bąkowski', '7895145395', '514640136', 395, null);
INSERT INTO servicebox.client (id, allow_notifications, email, name, nip, phone, address_id, user_id) VALUES (392, 1, 'klarencjusz28@gmail.com', 'Henryk Bąkowski', '3574933839', '562619705', 396, null);
INSERT INTO servicebox.client (id, allow_notifications, email, name, nip, phone, address_id, user_id) VALUES (393, 1, 'adam29@gmail.com', 'Ludwik Frąckowiak', '1939703003', '598527889', 397, null);
INSERT INTO servicebox.client (id, allow_notifications, email, name, nip, phone, address_id, user_id) VALUES (394, 1, 'prokul30@gmail.com', 'Witalis Żyła', '3076335860', '544922624', 398, null);
INSERT INTO servicebox.client (id, allow_notifications, email, name, nip, phone, address_id, user_id) VALUES (395, 1, 'natanael31@gmail.com', 'Ludwik Mikulski', '3767146535', '586396542', 399, null);
INSERT INTO servicebox.client (id, allow_notifications, email, name, nip, phone, address_id, user_id) VALUES (396, 1, 'klarencjusz32@gmail.com', 'Jan Dobrzyński', '7084603835', '572577226', 400, null);
INSERT INTO servicebox.client (id, allow_notifications, email, name, nip, phone, address_id, user_id) VALUES (397, 1, 'edmund33@gmail.com', 'Klarencjusz Borkowski', '7519105515', '568838916', 401, null);
INSERT INTO servicebox.client (id, allow_notifications, email, name, nip, phone, address_id, user_id) VALUES (398, 1, 'prokul34@gmail.com', 'Henryk Mika', '8794252418', '561905948', 402, null);
INSERT INTO servicebox.client (id, allow_notifications, email, name, nip, phone, address_id, user_id) VALUES (399, 1, 'daniel35@gmail.com', 'Izaak Mikulski', '4519071273', '543801122', 403, null);
INSERT INTO servicebox.client (id, allow_notifications, email, name, nip, phone, address_id, user_id) VALUES (400, 1, 'henryk36@gmail.com', 'Izaak Łapiński', '9325663453', '510968656', 404, null);
INSERT INTO servicebox.client (id, allow_notifications, email, name, nip, phone, address_id, user_id) VALUES (401, 1, 'natanael37@gmail.com', 'Natanael Frąckowiak', '5778330793', '587499916', 405, null);
INSERT INTO servicebox.client (id, allow_notifications, email, name, nip, phone, address_id, user_id) VALUES (402, 1, 'bazyli38@gmail.com', 'Mikołaj Mikulski', '0207031145', '587220276', 406, null);
INSERT INTO servicebox.client (id, allow_notifications, email, name, nip, phone, address_id, user_id) VALUES (403, 1, 'adam39@gmail.com', 'Jakub Leśniewski', '0258241580', '508754282', 407, null);
INSERT INTO servicebox.client (id, allow_notifications, email, name, nip, phone, address_id, user_id) VALUES (404, 1, 'natanael40@gmail.com', 'Ambroży Borkowski', '2860769538', '513546056', 408, null);
INSERT INTO servicebox.client (id, allow_notifications, email, name, nip, phone, address_id, user_id) VALUES (405, 1, 'izaak41@gmail.com', 'Adam Kozieł', '6849661335', '580892166', 409, null);
INSERT INTO servicebox.client (id, allow_notifications, email, name, nip, phone, address_id, user_id) VALUES (406, 1, 'roman42@gmail.com', 'Ambroży Borkowski', '2880890888', '521254416', 410, null);
INSERT INTO servicebox.client (id, allow_notifications, email, name, nip, phone, address_id, user_id) VALUES (407, 1, 'witalis43@gmail.com', 'Klarencjusz Gwóźdź', '8158495813', '507902565', 411, null);
INSERT INTO servicebox.client (id, allow_notifications, email, name, nip, phone, address_id, user_id) VALUES (408, 1, 'adam44@gmail.com', 'Bazyli Borkowski', '6093118509', '596046781', 412, null);
INSERT INTO servicebox.client (id, allow_notifications, email, name, nip, phone, address_id, user_id) VALUES (409, 1, 'natanael45@gmail.com', 'Daniel Borkowski', '9921545031', '559940326', 413, null);
INSERT INTO servicebox.client (id, allow_notifications, email, name, nip, phone, address_id, user_id) VALUES (410, 1, 'henryk46@gmail.com', 'Adam Ptak', '3028341287', '575088873', 414, null);
INSERT INTO servicebox.client (id, allow_notifications, email, name, nip, phone, address_id, user_id) VALUES (411, 1, 'adam47@gmail.com', 'Adam Kozieł', '2054552877', '577621381', 415, null);
INSERT INTO servicebox.client (id, allow_notifications, email, name, nip, phone, address_id, user_id) VALUES (412, 1, 'mikołaj48@gmail.com', 'Daniel Zalewski', '6187526941', '582970836', 416, null);
INSERT INTO servicebox.client (id, allow_notifications, email, name, nip, phone, address_id, user_id) VALUES (413, 1, 'bertram49@gmail.com', 'Stefan Leśniewski', '3257547362', '502313603', 417, null);
INSERT INTO servicebox.client (id, allow_notifications, email, name, nip, phone, address_id, user_id) VALUES (414, 1, 'klarencjusz50@gmail.com', 'Prokul Gwóźdź', '5340555739', '504485295', 418, null);
INSERT INTO servicebox.client (id, allow_notifications, email, name, nip, phone, address_id, user_id) VALUES (415, 1, 'jakub51@gmail.com', 'Jakub Flak', '3886070998', '536430751', 419, null);
INSERT INTO servicebox.client (id, allow_notifications, email, name, nip, phone, address_id, user_id) VALUES (416, 1, 'ambroży52@gmail.com', 'Adam Mika', '7042659085', '584185418', 420, null);
INSERT INTO servicebox.client (id, allow_notifications, email, name, nip, phone, address_id, user_id) VALUES (417, 1, 'witalis53@gmail.com', 'Roman Leśniewski', '9563843906', '586516500', 421, null);
INSERT INTO servicebox.client (id, allow_notifications, email, name, nip, phone, address_id, user_id) VALUES (418, 1, 'adam54@gmail.com', 'Jakub Kmiecik', '2495138420', '583702921', 422, null);
INSERT INTO servicebox.client (id, allow_notifications, email, name, nip, phone, address_id, user_id) VALUES (419, 1, 'ambroży55@gmail.com', 'Jan Łapiński', '9683343048', '571601714', 423, null);
INSERT INTO servicebox.client (id, allow_notifications, email, name, nip, phone, address_id, user_id) VALUES (420, 1, 'witalis56@gmail.com', 'Adam Murawski', '0521356940', '563931212', 424, null);
INSERT INTO servicebox.client (id, allow_notifications, email, name, nip, phone, address_id, user_id) VALUES (421, 1, 'edmund57@gmail.com', 'Robert Kozieł', '4793248346', '540516980', 425, null);
INSERT INTO servicebox.client (id, allow_notifications, email, name, nip, phone, address_id, user_id) VALUES (422, 1, 'natanael58@gmail.com', 'Edmund Flak', '1890994109', '589916525', 426, null);
INSERT INTO servicebox.client (id, allow_notifications, email, name, nip, phone, address_id, user_id) VALUES (423, 1, 'bazyli59@gmail.com', 'Klarencjusz Mika', '1522344448', '559111809', 427, null);
INSERT INTO servicebox.client (id, allow_notifications, email, name, nip, phone, address_id, user_id) VALUES (424, 1, 'witalis60@gmail.com', 'Roman Flak', '7700723579', '532215703', 428, null);
INSERT INTO servicebox.client (id, allow_notifications, email, name, nip, phone, address_id, user_id) VALUES (425, 1, 'izaak61@gmail.com', 'Jan Frąckowiak', '9024816138', '517480353', 429, null);
INSERT INTO servicebox.client (id, allow_notifications, email, name, nip, phone, address_id, user_id) VALUES (426, 1, 'ludwik62@gmail.com', 'Stefan Zalewski', '0072620507', '516708522', 430, null);
INSERT INTO servicebox.client (id, allow_notifications, email, name, nip, phone, address_id, user_id) VALUES (427, 1, 'daniel63@gmail.com', 'Stefan Leśniewski', '5316806445', '521657291', 431, null);
INSERT INTO servicebox.client (id, allow_notifications, email, name, nip, phone, address_id, user_id) VALUES (428, 1, 'roman64@gmail.com', 'Roman Duda', '7688198357', '507587030', 432, null);
INSERT INTO servicebox.client (id, allow_notifications, email, name, nip, phone, address_id, user_id) VALUES (429, 1, 'daniel65@gmail.com', 'Witalis Bąkowski', '5248398547', '566353631', 433, null);
INSERT INTO servicebox.client (id, allow_notifications, email, name, nip, phone, address_id, user_id) VALUES (430, 1, 'natanael66@gmail.com', 'Mikołaj Duda', '5550599577', '585309752', 434, null);
INSERT INTO servicebox.client (id, allow_notifications, email, name, nip, phone, address_id, user_id) VALUES (431, 1, 'izaak67@gmail.com', 'Adam Dobrzyński', '2727102462', '525070673', 435, null);
INSERT INTO servicebox.client (id, allow_notifications, email, name, nip, phone, address_id, user_id) VALUES (432, 1, 'robert68@gmail.com', 'Robert Mika', '8353032278', '530374028', 436, null);
INSERT INTO servicebox.client (id, allow_notifications, email, name, nip, phone, address_id, user_id) VALUES (433, 1, 'witalis69@gmail.com', 'Henryk Mikulski', '1821828293', '504152887', 437, null);
INSERT INTO servicebox.client (id, allow_notifications, email, name, nip, phone, address_id, user_id) VALUES (434, 1, 'jakub70@gmail.com', 'Mikołaj Kmiecik', '7049390087', '546062286', 438, null);
INSERT INTO servicebox.client (id, allow_notifications, email, name, nip, phone, address_id, user_id) VALUES (435, 1, 'henryk71@gmail.com', 'Robert Mikulski', '0997475716', '540849539', 439, null);
INSERT INTO servicebox.client (id, allow_notifications, email, name, nip, phone, address_id, user_id) VALUES (436, 1, 'adam72@gmail.com', 'Izaak Kmiecik', '5160579398', '576582074', 440, null);
INSERT INTO servicebox.client (id, allow_notifications, email, name, nip, phone, address_id, user_id) VALUES (437, 1, 'ludwik73@gmail.com', 'Edmund Murawski', '2750419947', '546935097', 441, null);
INSERT INTO servicebox.client (id, allow_notifications, email, name, nip, phone, address_id, user_id) VALUES (438, 1, 'ambroży74@gmail.com', 'Klarencjusz Żyła', '5044474648', '558098092', 442, null);
INSERT INTO servicebox.client (id, allow_notifications, email, name, nip, phone, address_id, user_id) VALUES (439, 1, 'jan75@gmail.com', 'Adam Flak', '9235076324', '504845067', 443, null);
INSERT INTO servicebox.client (id, allow_notifications, email, name, nip, phone, address_id, user_id) VALUES (440, 1, 'ludwik76@gmail.com', 'Ambroży Mikulski', '9589295640', '589856996', 444, null);
INSERT INTO servicebox.client (id, allow_notifications, email, name, nip, phone, address_id, user_id) VALUES (441, 1, 'izaak77@gmail.com', 'Witalis Kmiecik', '5048251303', '513099669', 445, null);
INSERT INTO servicebox.client (id, allow_notifications, email, name, nip, phone, address_id, user_id) VALUES (442, 1, 'ludwik78@gmail.com', 'Mikołaj Frąckowiak', '6622146646', '568048091', 446, null);
INSERT INTO servicebox.client (id, allow_notifications, email, name, nip, phone, address_id, user_id) VALUES (443, 1, 'jan79@gmail.com', 'Ludwik Grabowski', '0161597583', '538980258', 447, null);
INSERT INTO servicebox.client (id, allow_notifications, email, name, nip, phone, address_id, user_id) VALUES (444, 1, 'ambroży80@gmail.com', 'Natanael Murawski', '1905469760', '593334852', 448, null);
INSERT INTO servicebox.client (id, allow_notifications, email, name, nip, phone, address_id, user_id) VALUES (445, 1, 'natanael81@gmail.com', 'Bertram Bąkowski', '1084079934', '506016572', 449, null);
INSERT INTO servicebox.client (id, allow_notifications, email, name, nip, phone, address_id, user_id) VALUES (446, 1, 'adam82@gmail.com', 'Prokul Frąckowiak', '1569835256', '557707605', 450, null);
INSERT INTO servicebox.client (id, allow_notifications, email, name, nip, phone, address_id, user_id) VALUES (447, 1, 'prokul83@gmail.com', 'Edmund Kozieł', '3751810164', '590382674', 451, null);
INSERT INTO servicebox.client (id, allow_notifications, email, name, nip, phone, address_id, user_id) VALUES (448, 1, 'roman84@gmail.com', 'Mikołaj Gwóźdź', '3678585968', '553729881', 452, null);
INSERT INTO servicebox.client (id, allow_notifications, email, name, nip, phone, address_id, user_id) VALUES (449, 1, 'jakub85@gmail.com', 'Bertram Łapiński', '5231465233', '572443631', 453, null);
INSERT INTO servicebox.client (id, allow_notifications, email, name, nip, phone, address_id, user_id) VALUES (450, 1, 'daniel86@gmail.com', 'Jakub Duda', '5059470303', '539872555', 454, null);
INSERT INTO servicebox.client (id, allow_notifications, email, name, nip, phone, address_id, user_id) VALUES (451, 1, 'natanael87@gmail.com', 'Ludwik Ptak', '6414362698', '571798891', 455, null);
INSERT INTO servicebox.client (id, allow_notifications, email, name, nip, phone, address_id, user_id) VALUES (452, 1, 'izaak88@gmail.com', 'Mikołaj Dobrzyński', '8637007849', '596745276', 456, null);
INSERT INTO servicebox.client (id, allow_notifications, email, name, nip, phone, address_id, user_id) VALUES (453, 1, 'edmund89@gmail.com', 'Adam Ptak', '4914178377', '580425079', 457, null);
INSERT INTO servicebox.client (id, allow_notifications, email, name, nip, phone, address_id, user_id) VALUES (454, 1, 'stefan90@gmail.com', 'Robert Borkowski', '5417221844', '599976527', 458, null);
INSERT INTO servicebox.client (id, allow_notifications, email, name, nip, phone, address_id, user_id) VALUES (455, 1, 'ambroży91@gmail.com', 'Mikołaj Leśniewski', '2371196034', '515446536', 459, null);
INSERT INTO servicebox.client (id, allow_notifications, email, name, nip, phone, address_id, user_id) VALUES (456, 1, 'bazyli92@gmail.com', 'Adam Mikulski', '0286668010', '531705778', 460, null);
INSERT INTO servicebox.client (id, allow_notifications, email, name, nip, phone, address_id, user_id) VALUES (457, 1, 'bazyli93@gmail.com', 'Robert Gwóźdź', '5255658388', '585993860', 461, null);
INSERT INTO servicebox.client (id, allow_notifications, email, name, nip, phone, address_id, user_id) VALUES (458, 1, 'jakub94@gmail.com', 'Adam Łapiński', '8744108245', '547734722', 462, null);
INSERT INTO servicebox.client (id, allow_notifications, email, name, nip, phone, address_id, user_id) VALUES (459, 1, 'izaak95@gmail.com', 'Ambroży Kozieł', '1419217821', '583148784', 463, null);
INSERT INTO servicebox.client (id, allow_notifications, email, name, nip, phone, address_id, user_id) VALUES (460, 1, 'bertram96@gmail.com', 'Jan Frąckowiak', '2052692674', '533529416', 464, null);
INSERT INTO servicebox.client (id, allow_notifications, email, name, nip, phone, address_id, user_id) VALUES (461, 1, 'ambroży97@gmail.com', 'Ludwik Leśniewski', '4594690337', '502825961', 465, null);
INSERT INTO servicebox.client (id, allow_notifications, email, name, nip, phone, address_id, user_id) VALUES (462, 1, 'roman98@gmail.com', 'Mikołaj Dobrzyński', '6755308957', '552471534', 466, null);
INSERT INTO servicebox.client (id, allow_notifications, email, name, nip, phone, address_id, user_id) VALUES (463, 1, 'edmund99@gmail.com', 'Daniel Żyła', '0828980136', '512177560', 467, null);
INSERT INTO servicebox.vehicle (id, engine_capacity, make, mileage, model, plate_number, production_year, vin, client_id) VALUES (263, 1.2, 'Seat', null, 'Leon', 'WDNYJ4P', 2004, null, 426);
INSERT INTO servicebox.vehicle (id, engine_capacity, make, mileage, model, plate_number, production_year, vin, client_id) VALUES (275, 1.2, 'Audi', null, 'TT', 'PKBDUFD', 2020, null, 438);
INSERT INTO servicebox.vehicle (id, engine_capacity, make, mileage, model, plate_number, production_year, vin, client_id) VALUES (274, 1.2, 'Opel', null, 'Astra', 'PKCKTWZ', 2003, null, 437);
INSERT INTO servicebox.vehicle (id, engine_capacity, make, mileage, model, plate_number, production_year, vin, client_id) VALUES (273, 1.2, 'Opel', null, 'Astra', 'BGZ1YAC', 2012, null, 436);
INSERT INTO servicebox.vehicle (id, engine_capacity, make, mileage, model, plate_number, production_year, vin, client_id) VALUES (272, 1.2, 'BMW', null, 'M3', 'BGZOBQR', 2010, null, 435);
INSERT INTO servicebox.vehicle (id, engine_capacity, make, mileage, model, plate_number, production_year, vin, client_id) VALUES (271, 1.2, 'Mercedes', null, 'CLS', 'WD87RAH', 2015, null, 434);
INSERT INTO servicebox.vehicle (id, engine_capacity, make, mileage, model, plate_number, production_year, vin, client_id) VALUES (270, 1.2, 'Seat', null, 'Leon', 'PKATKETR', 1991, null, 433);
INSERT INTO servicebox.vehicle (id, engine_capacity, make, mileage, model, plate_number, production_year, vin, client_id) VALUES (269, 1.2, 'Audi', null, 'TT', 'WDGC596', 2007, null, 432);
INSERT INTO servicebox.vehicle (id, engine_capacity, make, mileage, model, plate_number, production_year, vin, client_id) VALUES (268, 1.2, 'Opel', null, 'Astra', 'POQE6ZF', 2018, null, 431);
INSERT INTO servicebox.vehicle (id, engine_capacity, make, mileage, model, plate_number, production_year, vin, client_id) VALUES (267, 1.2, 'BMW', null, 'M3', 'POCSS1N', 2005, null, 430);
INSERT INTO servicebox.vehicle (id, engine_capacity, make, mileage, model, plate_number, production_year, vin, client_id) VALUES (266, 1.2, 'Ford', null, 'Focus', 'BGBWMZF', 2007, null, 429);
INSERT INTO servicebox.vehicle (id, engine_capacity, make, mileage, model, plate_number, production_year, vin, client_id) VALUES (265, 1.2, 'BMW', null, 'M3', 'BG9OC1L', 2017, null, 428);
INSERT INTO servicebox.vehicle (id, engine_capacity, make, mileage, model, plate_number, production_year, vin, client_id) VALUES (264, 1.2, 'Mercedes', null, 'CLS', 'WDSYHTP', 2008, null, 427);
INSERT INTO servicebox.vehicle (id, engine_capacity, make, mileage, model, plate_number, production_year, vin, client_id) VALUES (276, 1.2, 'Fiat', null, '126p', 'PO8AGWV', 1993, null, 439);
INSERT INTO servicebox.vehicle (id, engine_capacity, make, mileage, model, plate_number, production_year, vin, client_id) VALUES (262, 1.2, 'Opel', null, 'Astra', 'PKARWTU2', 1999, null, 425);
INSERT INTO servicebox.vehicle (id, engine_capacity, make, mileage, model, plate_number, production_year, vin, client_id) VALUES (261, 1.2, 'Seat', null, 'Leon', 'PKARSKU2', 2021, null, 424);
INSERT INTO servicebox.vehicle (id, engine_capacity, make, mileage, model, plate_number, production_year, vin, client_id) VALUES (260, 1.2, 'BMW', null, 'M3', 'WDLNBEN', 1998, null, 423);
INSERT INTO servicebox.vehicle (id, engine_capacity, make, mileage, model, plate_number, production_year, vin, client_id) VALUES (259, 1.2, 'Seat', null, 'Leon', 'BGKTRSV', 2004, null, 422);
INSERT INTO servicebox.vehicle (id, engine_capacity, make, mileage, model, plate_number, production_year, vin, client_id) VALUES (258, 1.2, 'BMW', null, 'M3', 'PKAI5G78', 2016, null, 421);
INSERT INTO servicebox.vehicle (id, engine_capacity, make, mileage, model, plate_number, production_year, vin, client_id) VALUES (257, 1.2, 'Opel', null, 'Astra', 'PKNPCUT', 1992, null, 420);
INSERT INTO servicebox.vehicle (id, engine_capacity, make, mileage, model, plate_number, production_year, vin, client_id) VALUES (256, 1.2, 'Fiat', null, '126p', 'PK39TQH', 2000, null, 419);
INSERT INTO servicebox.vehicle (id, engine_capacity, make, mileage, model, plate_number, production_year, vin, client_id) VALUES (255, 1.2, 'BMW', null, 'M3', 'PKCPBMT', 2016, null, 418);
INSERT INTO servicebox.vehicle (id, engine_capacity, make, mileage, model, plate_number, production_year, vin, client_id) VALUES (254, 1.2, 'Audi', null, 'TT', 'POVUAG8', 2019, null, 417);
INSERT INTO servicebox.vehicle (id, engine_capacity, make, mileage, model, plate_number, production_year, vin, client_id) VALUES (253, 1.2, 'Mercedes', null, 'CLS', 'PKC3OZ7', 2002, null, 416);
INSERT INTO servicebox.vehicle (id, engine_capacity, make, mileage, model, plate_number, production_year, vin, client_id) VALUES (252, 1.2, 'Opel', null, 'Astra', 'PKPHPEF', 2016, null, 415);
INSERT INTO servicebox.vehicle (id, engine_capacity, make, mileage, model, plate_number, production_year, vin, client_id) VALUES (288, 1.2, 'Opel', null, 'Astra', 'PKAA2K0X', 1996, null, 451);
INSERT INTO servicebox.vehicle (id, engine_capacity, make, mileage, model, plate_number, production_year, vin, client_id) VALUES (300, 1.2, 'Seat', null, 'Leon', 'PKTWOIZ', 1994, null, 463);
INSERT INTO servicebox.vehicle (id, engine_capacity, make, mileage, model, plate_number, production_year, vin, client_id) VALUES (299, 1.2, 'Mercedes', null, 'CLS', 'BGVISJF', 1996, null, 462);
INSERT INTO servicebox.vehicle (id, engine_capacity, make, mileage, model, plate_number, production_year, vin, client_id) VALUES (298, 1.2, 'Seat', null, 'Leon', 'POMRQJ3', 2000, null, 461);
INSERT INTO servicebox.vehicle (id, engine_capacity, make, mileage, model, plate_number, production_year, vin, client_id) VALUES (297, 1.2, 'Citroen', null, 'Xara picasso', 'PKAFVHT', 2012, null, 460);
INSERT INTO servicebox.vehicle (id, engine_capacity, make, mileage, model, plate_number, production_year, vin, client_id) VALUES (296, 1.2, 'Opel', null, 'Astra', 'PKL1WMZ', 2010, null, 459);
INSERT INTO servicebox.vehicle (id, engine_capacity, make, mileage, model, plate_number, production_year, vin, client_id) VALUES (295, 1.2, 'Fiat', null, '126p', 'PKAO2FCS', 2013, null, 458);
INSERT INTO servicebox.vehicle (id, engine_capacity, make, mileage, model, plate_number, production_year, vin, client_id) VALUES (294, 1.2, 'BMW', null, 'M3', 'BGX0G7I', 2013, null, 457);
INSERT INTO servicebox.vehicle (id, engine_capacity, make, mileage, model, plate_number, production_year, vin, client_id) VALUES (293, 1.2, 'BMW', null, 'M3', 'PKAEEURS', 2008, null, 456);
INSERT INTO servicebox.vehicle (id, engine_capacity, make, mileage, model, plate_number, production_year, vin, client_id) VALUES (292, 1.2, 'Fiat', null, '126p', 'PKA4WTLL', 2014, null, 455);
INSERT INTO servicebox.vehicle (id, engine_capacity, make, mileage, model, plate_number, production_year, vin, client_id) VALUES (291, 1.2, 'Seat', null, 'Leon', 'PKSA522', 1990, null, 454);
INSERT INTO servicebox.vehicle (id, engine_capacity, make, mileage, model, plate_number, production_year, vin, client_id) VALUES (290, 1.2, 'Fiat', null, '126p', 'BGGRIPI', 1996, null, 453);
INSERT INTO servicebox.vehicle (id, engine_capacity, make, mileage, model, plate_number, production_year, vin, client_id) VALUES (289, 1.2, 'Fiat', null, '126p', 'WDD7BXR', 2016, null, 452);
INSERT INTO servicebox.vehicle (id, engine_capacity, make, mileage, model, plate_number, production_year, vin, client_id) VALUES (251, 1.2, 'Audi', null, 'TT', 'POQUCXB', 2008, null, 414);
INSERT INTO servicebox.vehicle (id, engine_capacity, make, mileage, model, plate_number, production_year, vin, client_id) VALUES (287, 1.2, 'Ford', null, 'Focus', 'PKAXE9ZX', 2014, null, 450);
INSERT INTO servicebox.vehicle (id, engine_capacity, make, mileage, model, plate_number, production_year, vin, client_id) VALUES (286, 1.2, 'Mercedes', null, 'CLS', 'BG7207V', 2020, null, 449);
INSERT INTO servicebox.vehicle (id, engine_capacity, make, mileage, model, plate_number, production_year, vin, client_id) VALUES (285, 1.2, 'Seat', null, 'Leon', 'BGUVSIY', 2019, null, 448);
INSERT INTO servicebox.vehicle (id, engine_capacity, make, mileage, model, plate_number, production_year, vin, client_id) VALUES (284, 1.2, 'BMW', null, 'M3', 'WDW2EZH', 1994, null, 447);
INSERT INTO servicebox.vehicle (id, engine_capacity, make, mileage, model, plate_number, production_year, vin, client_id) VALUES (283, 1.2, 'Fiat', null, '126p', 'POEBJLV', 2015, null, 446);
INSERT INTO servicebox.vehicle (id, engine_capacity, make, mileage, model, plate_number, production_year, vin, client_id) VALUES (282, 1.2, 'BMW', null, 'M3', 'PKXBGVV', 2016, null, 445);
INSERT INTO servicebox.vehicle (id, engine_capacity, make, mileage, model, plate_number, production_year, vin, client_id) VALUES (281, 1.2, 'Mercedes', null, 'CLS', 'BGMX1HX', 2017, null, 444);
INSERT INTO servicebox.vehicle (id, engine_capacity, make, mileage, model, plate_number, production_year, vin, client_id) VALUES (280, 1.2, 'Seat', null, 'Leon', 'PKKSSLJ', 1994, null, 443);
INSERT INTO servicebox.vehicle (id, engine_capacity, make, mileage, model, plate_number, production_year, vin, client_id) VALUES (279, 1.2, 'Audi', null, 'TT', 'PKAPFCDJ', 1993, null, 442);
INSERT INTO servicebox.vehicle (id, engine_capacity, make, mileage, model, plate_number, production_year, vin, client_id) VALUES (278, 1.2, 'Audi', null, 'TT', 'PKDYERV', 2011, null, 441);
INSERT INTO servicebox.vehicle (id, engine_capacity, make, mileage, model, plate_number, production_year, vin, client_id) VALUES (277, 1.2, 'BMW', null, 'M3', 'BGDLYOS', 1997, null, 440);
INSERT INTO servicebox.vehicle (id, engine_capacity, make, mileage, model, plate_number, production_year, vin, client_id) VALUES (213, 1.2, 'Audi', null, 'TT', 'PKASFFGK', 2008, null, 376);
INSERT INTO servicebox.vehicle (id, engine_capacity, make, mileage, model, plate_number, production_year, vin, client_id) VALUES (225, 1.2, 'Audi', null, 'TT', 'POMFBSC', 2007, null, 388);
INSERT INTO servicebox.vehicle (id, engine_capacity, make, mileage, model, plate_number, production_year, vin, client_id) VALUES (224, 1.2, 'Opel', null, 'Astra', 'PKA8WPGK', 1999, null, 387);
INSERT INTO servicebox.vehicle (id, engine_capacity, make, mileage, model, plate_number, production_year, vin, client_id) VALUES (223, 1.2, 'Fiat', null, '126p', 'BGRTDQQ', 1992, null, 386);
INSERT INTO servicebox.vehicle (id, engine_capacity, make, mileage, model, plate_number, production_year, vin, client_id) VALUES (222, 1.2, 'Mercedes', null, 'CLS', 'PKVDKY2', 1996, null, 385);
INSERT INTO servicebox.vehicle (id, engine_capacity, make, mileage, model, plate_number, production_year, vin, client_id) VALUES (221, 1.2, 'Ford', null, 'Focus', 'WDIY5RT', 1990, null, 384);
INSERT INTO servicebox.vehicle (id, engine_capacity, make, mileage, model, plate_number, production_year, vin, client_id) VALUES (220, 1.2, 'Ford', null, 'Focus', 'WDFDGBH', 1998, null, 383);
INSERT INTO servicebox.vehicle (id, engine_capacity, make, mileage, model, plate_number, production_year, vin, client_id) VALUES (219, 1.2, 'Citroen', null, 'Xara picasso', 'BGX7QG4', 2013, null, 382);
INSERT INTO servicebox.vehicle (id, engine_capacity, make, mileage, model, plate_number, production_year, vin, client_id) VALUES (218, 1.2, 'BMW', null, 'M3', 'PKACQIPS', 2018, null, 381);
INSERT INTO servicebox.vehicle (id, engine_capacity, make, mileage, model, plate_number, production_year, vin, client_id) VALUES (217, 1.2, 'Fiat', null, '126p', 'POGSRMI', 2005, null, 380);
INSERT INTO servicebox.vehicle (id, engine_capacity, make, mileage, model, plate_number, production_year, vin, client_id) VALUES (216, 1.2, 'Audi', null, 'TT', 'PKAUSZ2C', 2017, null, 379);
INSERT INTO servicebox.vehicle (id, engine_capacity, make, mileage, model, plate_number, production_year, vin, client_id) VALUES (215, 1.2, 'BMW', null, 'M3', 'BGE7HAK', 2009, null, 378);
INSERT INTO servicebox.vehicle (id, engine_capacity, make, mileage, model, plate_number, production_year, vin, client_id) VALUES (214, 1.2, 'Seat', null, 'Leon', 'PKAEH0CN', 1992, null, 377);
INSERT INTO servicebox.vehicle (id, engine_capacity, make, mileage, model, plate_number, production_year, vin, client_id) VALUES (226, 1.2, 'Citroen', null, 'Xara picasso', 'BGEZEAP', 2004, null, 389);
INSERT INTO servicebox.vehicle (id, engine_capacity, make, mileage, model, plate_number, production_year, vin, client_id) VALUES (212, 1.2, 'Audi', null, 'TT', 'PKAZPWVT', 1991, null, 375);
INSERT INTO servicebox.vehicle (id, engine_capacity, make, mileage, model, plate_number, production_year, vin, client_id) VALUES (211, 1.2, 'Ford', null, 'Focus', 'PKGENAH', 1998, null, 374);
INSERT INTO servicebox.vehicle (id, engine_capacity, make, mileage, model, plate_number, production_year, vin, client_id) VALUES (210, 1.2, 'Citroen', null, 'Xara picasso', 'WDUVXAR', 1996, null, 373);
INSERT INTO servicebox.vehicle (id, engine_capacity, make, mileage, model, plate_number, production_year, vin, client_id) VALUES (209, 1.2, 'Seat', null, 'Leon', 'PKZBWJM', 2005, null, 372);
INSERT INTO servicebox.vehicle (id, engine_capacity, make, mileage, model, plate_number, production_year, vin, client_id) VALUES (208, 1.2, 'Opel', null, 'Astra', 'PK9UYT7', 2006, null, 371);
INSERT INTO servicebox.vehicle (id, engine_capacity, make, mileage, model, plate_number, production_year, vin, client_id) VALUES (207, 1.2, 'Opel', null, 'Astra', 'POWEYOH', 2012, null, 370);
INSERT INTO servicebox.vehicle (id, engine_capacity, make, mileage, model, plate_number, production_year, vin, client_id) VALUES (206, 1.2, 'Audi', null, 'TT', 'POI097S', 2019, null, 369);
INSERT INTO servicebox.vehicle (id, engine_capacity, make, mileage, model, plate_number, production_year, vin, client_id) VALUES (205, 1.2, 'Opel', null, 'Astra', 'POJ4OHG', 2007, null, 368);
INSERT INTO servicebox.vehicle (id, engine_capacity, make, mileage, model, plate_number, production_year, vin, client_id) VALUES (204, 1.2, 'Mercedes', null, 'CLS', 'PKAPMS50', 2009, null, 367);
INSERT INTO servicebox.vehicle (id, engine_capacity, make, mileage, model, plate_number, production_year, vin, client_id) VALUES (203, 1.2, 'Citroen', null, 'Xara picasso', 'PKYOGWW', 2022, null, 366);
INSERT INTO servicebox.vehicle (id, engine_capacity, make, mileage, model, plate_number, production_year, vin, client_id) VALUES (202, 1.2, 'Mercedes', null, 'CLS', 'POGGAOV', 2016, null, 365);
INSERT INTO servicebox.vehicle (id, engine_capacity, make, mileage, model, plate_number, production_year, vin, client_id) VALUES (238, 1.2, 'BMW', null, 'M3', 'PKP8UKQ', 1995, null, 401);
INSERT INTO servicebox.vehicle (id, engine_capacity, make, mileage, model, plate_number, production_year, vin, client_id) VALUES (250, 1.2, 'Fiat', null, '126p', 'PKAXTCIE', 2018, null, 413);
INSERT INTO servicebox.vehicle (id, engine_capacity, make, mileage, model, plate_number, production_year, vin, client_id) VALUES (249, 1.2, 'Audi', null, 'TT', 'BGFTW8G', 2003, null, 412);
INSERT INTO servicebox.vehicle (id, engine_capacity, make, mileage, model, plate_number, production_year, vin, client_id) VALUES (248, 1.2, 'Mercedes', null, 'CLS', 'PKYQXBB', 2018, null, 411);
INSERT INTO servicebox.vehicle (id, engine_capacity, make, mileage, model, plate_number, production_year, vin, client_id) VALUES (247, 1.2, 'Fiat', null, '126p', 'POS24NP', 2000, null, 410);
INSERT INTO servicebox.vehicle (id, engine_capacity, make, mileage, model, plate_number, production_year, vin, client_id) VALUES (246, 1.2, 'BMW', null, 'M3', 'WDPLN5Y', 2001, null, 409);
INSERT INTO servicebox.vehicle (id, engine_capacity, make, mileage, model, plate_number, production_year, vin, client_id) VALUES (245, 1.2, 'Mercedes', null, 'CLS', 'PKAJXILO', 2014, null, 408);
INSERT INTO servicebox.vehicle (id, engine_capacity, make, mileage, model, plate_number, production_year, vin, client_id) VALUES (244, 1.2, 'Fiat', null, '126p', 'BGHWTXO', 2009, null, 407);
INSERT INTO servicebox.vehicle (id, engine_capacity, make, mileage, model, plate_number, production_year, vin, client_id) VALUES (243, 1.2, 'Mercedes', null, 'CLS', 'PKM1M1E', 2009, null, 406);
INSERT INTO servicebox.vehicle (id, engine_capacity, make, mileage, model, plate_number, production_year, vin, client_id) VALUES (242, 1.2, 'Ford', null, 'Focus', 'PKAOUHHC', 2007, null, 405);
INSERT INTO servicebox.vehicle (id, engine_capacity, make, mileage, model, plate_number, production_year, vin, client_id) VALUES (241, 1.2, 'Citroen', null, 'Xara picasso', 'PKAR8ZOT', 1999, null, 404);
INSERT INTO servicebox.vehicle (id, engine_capacity, make, mileage, model, plate_number, production_year, vin, client_id) VALUES (240, 1.2, 'Seat', null, 'Leon', 'WDNNLLZ', 2022, null, 403);
INSERT INTO servicebox.vehicle (id, engine_capacity, make, mileage, model, plate_number, production_year, vin, client_id) VALUES (239, 1.2, 'Seat', null, 'Leon', 'PK1QCE8', 2004, null, 402);
INSERT INTO servicebox.vehicle (id, engine_capacity, make, mileage, model, plate_number, production_year, vin, client_id) VALUES (201, 1.2, 'Opel', null, 'Astra', 'POR1I4E', 2013, null, 364);
INSERT INTO servicebox.vehicle (id, engine_capacity, make, mileage, model, plate_number, production_year, vin, client_id) VALUES (237, 1.2, 'Seat', null, 'Leon', 'PKA8PHNV', 2001, null, 400);
INSERT INTO servicebox.vehicle (id, engine_capacity, make, mileage, model, plate_number, production_year, vin, client_id) VALUES (236, 1.2, 'Seat', null, 'Leon', 'PKLEG0J', 1999, null, 399);
INSERT INTO servicebox.vehicle (id, engine_capacity, make, mileage, model, plate_number, production_year, vin, client_id) VALUES (235, 1.2, 'Citroen', null, 'Xara picasso', 'BGGJV9E', 1990, null, 398);
INSERT INTO servicebox.vehicle (id, engine_capacity, make, mileage, model, plate_number, production_year, vin, client_id) VALUES (234, 1.2, 'Ford', null, 'Focus', 'PKAFCBSE', 2014, null, 397);
INSERT INTO servicebox.vehicle (id, engine_capacity, make, mileage, model, plate_number, production_year, vin, client_id) VALUES (233, 1.2, 'Citroen', null, 'Xara picasso', 'POAN6NB', 2010, null, 396);
INSERT INTO servicebox.vehicle (id, engine_capacity, make, mileage, model, plate_number, production_year, vin, client_id) VALUES (232, 1.2, 'BMW', null, 'M3', 'PKXEJLW', 2017, null, 395);
INSERT INTO servicebox.vehicle (id, engine_capacity, make, mileage, model, plate_number, production_year, vin, client_id) VALUES (231, 1.2, 'Citroen', null, 'Xara picasso', 'WDU1RAS', 2000, null, 394);
INSERT INTO servicebox.vehicle (id, engine_capacity, make, mileage, model, plate_number, production_year, vin, client_id) VALUES (230, 1.2, 'Seat', null, 'Leon', 'PO568RD', 1996, null, 393);
INSERT INTO servicebox.vehicle (id, engine_capacity, make, mileage, model, plate_number, production_year, vin, client_id) VALUES (229, 1.2, 'Seat', null, 'Leon', 'POX5UT0', 1993, null, 392);
INSERT INTO servicebox.vehicle (id, engine_capacity, make, mileage, model, plate_number, production_year, vin, client_id) VALUES (228, 1.2, 'Ford', null, 'Focus', 'PKAOSLVF', 1996, null, 391);
INSERT INTO servicebox.vehicle (id, engine_capacity, make, mileage, model, plate_number, production_year, vin, client_id) VALUES (227, 1.2, 'Fiat', null, '126p', 'POMIODG', 2001, null, 390);
INSERT INTO servicebox.service_order (id, created_at, description, finished_at, max_cost, new_parts, order_number, state, repair_card_id, vehicle_id) VALUES (1, '2022-11-26 22:05:16', 'Wymiana opon', null, 200, 0, '1/11/2022', 'CREATED', null, 201);
INSERT INTO servicebox.service_order (id, created_at, description, finished_at, max_cost, new_parts, order_number, state, repair_card_id, vehicle_id) VALUES (2, '2022-11-26 22:05:34', 'Wymiana klocków hamulcowych', null, 500, 0, '2/11/2022', 'CREATED', null, 202);
INSERT INTO servicebox.service_order (id, created_at, description, finished_at, max_cost, new_parts, order_number, state, repair_card_id, vehicle_id) VALUES (3, '2022-11-26 22:06:22', 'Nie działa hamulec ręczny', null, 300, 1, '3/11/2022', 'CREATED', null, 203);
